<?xml version="1.0" encoding="utf-8"?>
<edmx:Edmx Version="4.0" xmlns:edmx="http://docs.oasis-open.org/odata/ns/edmx">
  <edmx:Reference Uri="https://oasis-tcs.github.io/odata-vocabularies/vocabularies/Org.OData.Capabilities.V1.xml">
    <edmx:Include Alias="Capabilities" Namespace="Org.OData.Capabilities.V1"/>
  </edmx:Reference>
  <edmx:Reference Uri="https://sap.github.io/odata-vocabularies/vocabularies/Common.xml">
    <edmx:Include Alias="Common" Namespace="com.sap.vocabularies.Common.v1"/>
  </edmx:Reference>
  <edmx:Reference Uri="https://oasis-tcs.github.io/odata-vocabularies/vocabularies/Org.OData.Core.V1.xml">
    <edmx:Include Alias="Core" Namespace="Org.OData.Core.V1"/>
  </edmx:Reference>
  <edmx:Reference Uri="https://sap.github.io/odata-vocabularies/vocabularies/UI.xml">
    <edmx:Include Alias="UI" Namespace="com.sap.vocabularies.UI.v1"/>
  </edmx:Reference>
  <edmx:DataServices>
    <Schema Namespace="CustomersService" xmlns="http://docs.oasis-open.org/odata/ns/edm">
      <EntityContainer Name="EntityContainer">
        <EntitySet Name="Projects" EntityType="CustomersService.Projects">
          <NavigationPropertyBinding Path="customer" Target="Customers"/>
          <NavigationPropertyBinding Path="type" Target="ProjectTypes"/>
        </EntitySet>
        <EntitySet Name="Customers" EntityType="CustomersService.Customers">
          <NavigationPropertyBinding Path="projects" Target="Projects"/>
        </EntitySet>
        <EntitySet Name="ProjectTypes" EntityType="CustomersService.ProjectTypes">
          <NavigationPropertyBinding Path="texts" Target="ProjectTypes_texts"/>
          <NavigationPropertyBinding Path="localized" Target="ProjectTypes_texts"/>
        </EntitySet>
        <EntitySet Name="ProjectTypes_texts" EntityType="CustomersService.ProjectTypes_texts"/>
      </EntityContainer>
      <EntityType Name="Projects">
        <Key>
          <PropertyRef Name="ID"/>
        </Key>
        <Property Name="ID" Type="Edm.Guid" Nullable="false"/>
        <Property Name="createdAt" Type="Edm.DateTimeOffset" Precision="7"/>
        <Property Name="createdBy" Type="Edm.String" MaxLength="255"/>
        <Property Name="modifiedAt" Type="Edm.DateTimeOffset" Precision="7"/>
        <Property Name="modifiedBy" Type="Edm.String" MaxLength="255"/>
        <Property Name="name" Type="Edm.String" Nullable="false"/>
        <Property Name="startDate" Type="Edm.Date" Nullable="false"/>
        <Property Name="endDate" Type="Edm.Date"/>
        <Property Name="description" Type="Edm.String"/>
        <NavigationProperty Name="customer" Type="CustomersService.Customers" Partner="projects">
          <ReferentialConstraint Property="customer_ID" ReferencedProperty="ID"/>
        </NavigationProperty>
        <Property Name="customer_ID" Type="Edm.Guid"/>
        <NavigationProperty Name="type" Type="CustomersService.ProjectTypes">
          <ReferentialConstraint Property="type_code" ReferencedProperty="code"/>
        </NavigationProperty>
        <Property Name="type_code" Type="Edm.String" MaxLength="10"/>
      </EntityType>
      <EntityType Name="Customers">
        <Key>
          <PropertyRef Name="ID"/>
        </Key>
        <Property Name="ID" Type="Edm.Guid" Nullable="false"/>
        <Property Name="createdAt" Type="Edm.DateTimeOffset" Precision="7"/>
        <Property Name="createdBy" Type="Edm.String" MaxLength="255"/>
        <Property Name="modifiedAt" Type="Edm.DateTimeOffset" Precision="7"/>
        <Property Name="modifiedBy" Type="Edm.String" MaxLength="255"/>
        <Property Name="name" Type="Edm.String" Nullable="false"/>
        <Property Name="industry" Type="Edm.String"/>
        <Property Name="country" Type="Edm.String"/>
        <NavigationProperty Name="projects" Type="Collection(CustomersService.Projects)" Partner="customer"/>
      </EntityType>
      <EntityType Name="ProjectTypes">
        <Key>
          <PropertyRef Name="code"/>
        </Key>
        <Property Name="name" Type="Edm.String" MaxLength="255"/>
        <Property Name="descr" Type="Edm.String" MaxLength="1000"/>
        <Property Name="code" Type="Edm.String" MaxLength="10" Nullable="false"/>
        <NavigationProperty Name="texts" Type="Collection(CustomersService.ProjectTypes_texts)">
          <OnDelete Action="Cascade"/>
        </NavigationProperty>
        <NavigationProperty Name="localized" Type="CustomersService.ProjectTypes_texts">
          <ReferentialConstraint Property="code" ReferencedProperty="code"/>
        </NavigationProperty>
      </EntityType>
      <EntityType Name="ProjectTypes_texts">
        <Key>
          <PropertyRef Name="locale"/>
          <PropertyRef Name="code"/>
        </Key>
        <Property Name="locale" Type="Edm.String" MaxLength="14" Nullable="false"/>
        <Property Name="name" Type="Edm.String" MaxLength="255"/>
        <Property Name="descr" Type="Edm.String" MaxLength="1000"/>
        <Property Name="code" Type="Edm.String" MaxLength="10" Nullable="false"/>
      </EntityType>
      <Annotations Target="CustomersService.EntityContainer/Projects">
        <Annotation Term="Capabilities.DeleteRestrictions">
          <Record Type="Capabilities.DeleteRestrictionsType">
            <PropertyValue Property="Deletable" Bool="false"/>
          </Record>
        </Annotation>
        <Annotation Term="Capabilities.InsertRestrictions">
          <Record Type="Capabilities.InsertRestrictionsType">
            <PropertyValue Property="Insertable" Bool="false"/>
          </Record>
        </Annotation>
        <Annotation Term="Capabilities.UpdateRestrictions">
          <Record Type="Capabilities.UpdateRestrictionsType">
            <PropertyValue Property="Updatable" Bool="false"/>
          </Record>
        </Annotation>
      </Annotations>
      <Annotations Target="CustomersService.Projects/createdAt">
        <Annotation Term="UI.HiddenFilter" Bool="true"/>
        <Annotation Term="Core.Immutable" Bool="true"/>
        <Annotation Term="Core.Computed" Bool="true"/>
        <Annotation Term="Common.Label" String="Created On"/>
      </Annotations>
      <Annotations Target="CustomersService.Projects/createdBy">
        <Annotation Term="UI.HiddenFilter" Bool="true"/>
        <Annotation Term="Core.Immutable" Bool="true"/>
        <Annotation Term="Core.Computed" Bool="true"/>
        <Annotation Term="Core.Description" String="User's unique ID"/>
        <Annotation Term="Common.Label" String="Created By"/>
      </Annotations>
      <Annotations Target="CustomersService.Projects/modifiedAt">
        <Annotation Term="UI.HiddenFilter" Bool="true"/>
        <Annotation Term="Core.Computed" Bool="true"/>
        <Annotation Term="Common.Label" String="Changed On"/>
      </Annotations>
      <Annotations Target="CustomersService.Projects/modifiedBy">
        <Annotation Term="UI.HiddenFilter" Bool="true"/>
        <Annotation Term="Core.Computed" Bool="true"/>
        <Annotation Term="Core.Description" String="User's unique ID"/>
        <Annotation Term="Common.Label" String="Changed By"/>
      </Annotations>
      <Annotations Target="CustomersService.Projects/type_code">
        <Annotation Term="Common.ValueList">
          <Record Type="Common.ValueListType">
            <PropertyValue Property="Label" String="ProjectTypes"/>
            <PropertyValue Property="CollectionPath" String="ProjectTypes"/>
            <PropertyValue Property="Parameters">
              <Collection>
                <Record Type="Common.ValueListParameterInOut">
                  <PropertyValue Property="LocalDataProperty" PropertyPath="type_code"/>
                  <PropertyValue Property="ValueListProperty" String="code"/>
                </Record>
                <Record Type="Common.ValueListParameterDisplayOnly">
                  <PropertyValue Property="ValueListProperty" String="name"/>
                </Record>
              </Collection>
            </PropertyValue>
          </Record>
        </Annotation>
      </Annotations>
      <Annotations Target="CustomersService.Customers/createdAt">
        <Annotation Term="UI.HiddenFilter" Bool="true"/>
        <Annotation Term="Core.Immutable" Bool="true"/>
        <Annotation Term="Core.Computed" Bool="true"/>
        <Annotation Term="Common.Label" String="Created On"/>
      </Annotations>
      <Annotations Target="CustomersService.Customers/createdBy">
        <Annotation Term="UI.HiddenFilter" Bool="true"/>
        <Annotation Term="Core.Immutable" Bool="true"/>
        <Annotation Term="Core.Computed" Bool="true"/>
        <Annotation Term="Core.Description" String="User's unique ID"/>
        <Annotation Term="Common.Label" String="Created By"/>
      </Annotations>
      <Annotations Target="CustomersService.Customers/modifiedAt">
        <Annotation Term="UI.HiddenFilter" Bool="true"/>
        <Annotation Term="Core.Computed" Bool="true"/>
        <Annotation Term="Common.Label" String="Changed On"/>
      </Annotations>
      <Annotations Target="CustomersService.Customers/modifiedBy">
        <Annotation Term="UI.HiddenFilter" Bool="true"/>
        <Annotation Term="Core.Computed" Bool="true"/>
        <Annotation Term="Core.Description" String="User's unique ID"/>
        <Annotation Term="Common.Label" String="Changed By"/>
      </Annotations>
      <Annotations Target="CustomersService.ProjectTypes">
        <Annotation Term="UI.Identification">
          <Collection>
            <Record Type="UI.DataField">
              <PropertyValue Property="Value" Path="name"/>
            </Record>
          </Collection>
        </Annotation>
      </Annotations>
      <Annotations Target="CustomersService.ProjectTypes/name">
        <Annotation Term="Common.Label" String="Name"/>
      </Annotations>
      <Annotations Target="CustomersService.ProjectTypes/descr">
        <Annotation Term="Common.Label" String="Description"/>
      </Annotations>
      <Annotations Target="CustomersService.ProjectTypes_texts/locale">
        <Annotation Term="Common.Label" String="Language Code"/>
      </Annotations>
      <Annotations Target="CustomersService.ProjectTypes_texts/name">
        <Annotation Term="Common.Label" String="Name"/>
      </Annotations>
      <Annotations Target="CustomersService.ProjectTypes_texts/descr">
        <Annotation Term="Common.Label" String="Description"/>
      </Annotations>
    </Schema>
  </edmx:DataServices>
</edmx:Edmx>