<?xml version="1.0" encoding="utf-8"?>
<edmx:Edmx Version="4.0" xmlns:edmx="http://docs.oasis-open.org/odata/ns/edmx">
    <edmx:Reference Uri="https://sap.github.io/odata-vocabularies/vocabularies/Common.xml">
        <edmx:Include Alias="Common" Namespace="com.sap.vocabularies.Common.v1"/>
    </edmx:Reference>
    <edmx:Reference Uri="https://oasis-tcs.github.io/odata-vocabularies/vocabularies/Org.OData.Core.V1.xml">
        <edmx:Include Alias="Core" Namespace="Org.OData.Core.V1"/>
    </edmx:Reference>
    <edmx:Reference Uri="https://sap.github.io/odata-vocabularies/vocabularies/UI.xml">
        <edmx:Include Alias="UI" Namespace="com.sap.vocabularies.UI.v1"/>
    </edmx:Reference>
    <edmx:DataServices>
        <Schema Namespace="LearnerService" xmlns="http://docs.oasis-open.org/odata/ns/edm">
            <EntityContainer Name="EntityContainer">
                <EntitySet Name="Courses" EntityType="LearnerService.Courses">
                    <NavigationPropertyBinding Path="SiblingEntity" Target="Courses"/>
                </EntitySet>
                <EntitySet Name="LearnerInfo" EntityType="LearnerService.LearnerInfo">
                    <NavigationPropertyBinding Path="SiblingEntity" Target="LearnerInfo"/>
                </EntitySet>
            </EntityContainer>
            <EntityType Name="Courses">
                <Key>
                    <PropertyRef Name="ID"/>
                    <PropertyRef Name="IsActiveEntity"/>
                </Key>
                <Property Name="ID" Type="Edm.String" Nullable="false"/>
                <Property Name="title" Type="Edm.String"/>
                <Property Name="category" Type="Edm.String"/>
                <Property Name="duration" Type="Edm.Double"/>
                <Property Name="completionRate" Type="Edm.Double"/>
                <Property Name="platform" Type="Edm.String"/>
                <Property Name="IsActiveEntity" Type="Edm.Boolean" Nullable="false" DefaultValue="true"/>
                <Property Name="HasActiveEntity" Type="Edm.Boolean" Nullable="false" DefaultValue="false"/>
                <Property Name="HasDraftEntity" Type="Edm.Boolean" Nullable="false" DefaultValue="false"/>
                <NavigationProperty Name="DraftAdministrativeData" Type="LearnerService.DraftAdministrativeData" ContainsTarget="true"/>
                <NavigationProperty Name="SiblingEntity" Type="LearnerService.Courses"/>
            </EntityType>
            <EntityType Name="LearnerInfo">
                <Key>
                    <PropertyRef Name="email"/>
                    <PropertyRef Name="IsActiveEntity"/>
                </Key>
                <Property Name="ID" Type="Edm.String"/>
                <Property Name="firstName" Type="Edm.String"/>
                <Property Name="lastName" Type="Edm.String"/>
                <Property Name="role" Type="Edm.String"/>
                <Property Name="country" Type="Edm.String"/>
                <Property Name="email" Type="Edm.String" Nullable="false"/>
                <Property Name="visitedDate" Type="Edm.Int32"/>
                <Property Name="lastVisit" Type="Edm.Date"/>
                <Property Name="businessUnit" Type="Edm.String"/>
                <Property Name="numberofcourses" Type="Edm.Int32"/>
                <Property Name="numberofstartedcourses" Type="Edm.Int32"/>
                <Property Name="numberofcompletedcourses" Type="Edm.Int32"/>
                <Property Name="averagecompletionrate" Type="Edm.Double"/>
                <Property Name="IsActiveEntity" Type="Edm.Boolean" Nullable="false" DefaultValue="true"/>
                <Property Name="HasActiveEntity" Type="Edm.Boolean" Nullable="false" DefaultValue="false"/>
                <Property Name="HasDraftEntity" Type="Edm.Boolean" Nullable="false" DefaultValue="false"/>
                <NavigationProperty Name="DraftAdministrativeData" Type="LearnerService.DraftAdministrativeData" ContainsTarget="true"/>
                <NavigationProperty Name="SiblingEntity" Type="LearnerService.LearnerInfo"/>
            </EntityType>
            <EntityType Name="DraftAdministrativeData">
                <Key>
                    <PropertyRef Name="DraftUUID"/>
                </Key>
                <Property Name="DraftUUID" Type="Edm.Guid" Nullable="false"/>
                <Property Name="CreationDateTime" Type="Edm.DateTimeOffset" Precision="7"/>
                <Property Name="CreatedByUser" Type="Edm.String" MaxLength="256"/>
                <Property Name="DraftIsCreatedByMe" Type="Edm.Boolean"/>
                <Property Name="LastChangeDateTime" Type="Edm.DateTimeOffset" Precision="7"/>
                <Property Name="LastChangedByUser" Type="Edm.String" MaxLength="256"/>
                <Property Name="InProcessByUser" Type="Edm.String" MaxLength="256"/>
                <Property Name="DraftIsProcessedByMe" Type="Edm.Boolean"/>
            </EntityType>
            <Action Name="draftPrepare" IsBound="true" EntitySetPath="in">
                <Parameter Name="in" Type="LearnerService.Courses"/>
                <Parameter Name="SideEffectsQualifier" Type="Edm.String"/>
                <ReturnType Type="LearnerService.Courses"/>
            </Action>
            <Action Name="draftPrepare" IsBound="true" EntitySetPath="in">
                <Parameter Name="in" Type="LearnerService.LearnerInfo"/>
                <Parameter Name="SideEffectsQualifier" Type="Edm.String"/>
                <ReturnType Type="LearnerService.LearnerInfo"/>
            </Action>
            <Action Name="draftActivate" IsBound="true" EntitySetPath="in">
                <Parameter Name="in" Type="LearnerService.Courses"/>
                <ReturnType Type="LearnerService.Courses"/>
            </Action>
            <Action Name="draftActivate" IsBound="true" EntitySetPath="in">
                <Parameter Name="in" Type="LearnerService.LearnerInfo"/>
                <ReturnType Type="LearnerService.LearnerInfo"/>
            </Action>
            <Action Name="draftEdit" IsBound="true" EntitySetPath="in">
                <Parameter Name="in" Type="LearnerService.Courses"/>
                <Parameter Name="PreserveChanges" Type="Edm.Boolean"/>
                <ReturnType Type="LearnerService.Courses"/>
            </Action>
            <Action Name="draftEdit" IsBound="true" EntitySetPath="in">
                <Parameter Name="in" Type="LearnerService.LearnerInfo"/>
                <Parameter Name="PreserveChanges" Type="Edm.Boolean"/>
                <ReturnType Type="LearnerService.LearnerInfo"/>
            </Action>
            <Annotations Target="LearnerService.EntityContainer/Courses">
                <Annotation Term="Common.DraftRoot">
                    <Record Type="Common.DraftRootType">
                        <PropertyValue Property="ActivationAction" String="LearnerService.draftActivate"/>
                        <PropertyValue Property="EditAction" String="LearnerService.draftEdit"/>
                        <PropertyValue Property="PreparationAction" String="LearnerService.draftPrepare"/>
                    </Record>
                </Annotation>
            </Annotations>
            <Annotations Target="LearnerService.Courses/ID">
                <Annotation Term="Core.Computed" Bool="true"/>
            </Annotations>
            <Annotations Target="LearnerService.Courses/IsActiveEntity">
                <Annotation Term="UI.Hidden" Bool="true"/>
            </Annotations>
            <Annotations Target="LearnerService.Courses/HasActiveEntity">
                <Annotation Term="UI.Hidden" Bool="true"/>
            </Annotations>
            <Annotations Target="LearnerService.Courses/HasDraftEntity">
                <Annotation Term="UI.Hidden" Bool="true"/>
            </Annotations>
            <Annotations Target="LearnerService.Courses/DraftAdministrativeData">
                <Annotation Term="UI.Hidden" Bool="true"/>
            </Annotations>
            <Annotations Target="LearnerService.EntityContainer/LearnerInfo">
                <Annotation Term="Common.DraftRoot">
                    <Record Type="Common.DraftRootType">
                        <PropertyValue Property="ActivationAction" String="LearnerService.draftActivate"/>
                        <PropertyValue Property="EditAction" String="LearnerService.draftEdit"/>
                        <PropertyValue Property="PreparationAction" String="LearnerService.draftPrepare"/>
                    </Record>
                </Annotation>
            </Annotations>
            <Annotations Target="LearnerService.LearnerInfo/ID">
                <Annotation Term="Core.Computed" Bool="true"/>
            </Annotations>
            <Annotations Target="LearnerService.LearnerInfo/email">
                <Annotation Term="Core.Computed" Bool="true"/>
            </Annotations>
            <Annotations Target="LearnerService.LearnerInfo/numberofcourses">
                <Annotation Term="Core.Computed" Bool="true"/>
            </Annotations>
            <Annotations Target="LearnerService.LearnerInfo/numberofstartedcourses">
                <Annotation Term="Core.Computed" Bool="true"/>
            </Annotations>
            <Annotations Target="LearnerService.LearnerInfo/numberofcompletedcourses">
                <Annotation Term="Core.Computed" Bool="true"/>
            </Annotations>
            <Annotations Target="LearnerService.LearnerInfo/averagecompletionrate">
                <Annotation Term="Core.Computed" Bool="true"/>
            </Annotations>
            <Annotations Target="LearnerService.LearnerInfo/IsActiveEntity">
                <Annotation Term="UI.Hidden" Bool="true"/>
            </Annotations>
            <Annotations Target="LearnerService.LearnerInfo/HasActiveEntity">
                <Annotation Term="UI.Hidden" Bool="true"/>
            </Annotations>
            <Annotations Target="LearnerService.LearnerInfo/HasDraftEntity">
                <Annotation Term="UI.Hidden" Bool="true"/>
            </Annotations>
            <Annotations Target="LearnerService.LearnerInfo/DraftAdministrativeData">
                <Annotation Term="UI.Hidden" Bool="true"/>
            </Annotations>
            <Annotations Target="LearnerService.DraftAdministrativeData">
                <Annotation Term="Common.Label" String="{i18n>Draft_DraftAdministrativeData}"/>
                </Annotations>
                <Annotations Target="LearnerService.DraftAdministrativeData/DraftUUID">
                    <Annotation Term="UI.Hidden" Bool="true"/>
                    <Annotation Term="Common.Label" String="{i18n>Draft_DraftUUID}"/>
                    </Annotations>
                    <Annotations Target="LearnerService.DraftAdministrativeData/CreationDateTime">
                        <Annotation Term="Common.Label" String="{i18n>Draft_CreationDateTime}"/>
                        </Annotations>
                        <Annotations Target="LearnerService.DraftAdministrativeData/CreatedByUser">
                            <Annotation Term="Common.Label" String="{i18n>Draft_CreatedByUser}"/>
                            </Annotations>
                            <Annotations Target="LearnerService.DraftAdministrativeData/DraftIsCreatedByMe">
                                <Annotation Term="UI.Hidden" Bool="true"/>
                                <Annotation Term="Common.Label" String="{i18n>Draft_DraftIsCreatedByMe}"/>
                                </Annotations>
                                <Annotations Target="LearnerService.DraftAdministrativeData/LastChangeDateTime">
                                    <Annotation Term="Common.Label" String="{i18n>Draft_LastChangeDateTime}"/>
                                    </Annotations>
                                    <Annotations Target="LearnerService.DraftAdministrativeData/LastChangedByUser">
                                        <Annotation Term="Common.Label" String="{i18n>Draft_LastChangedByUser}"/>
                                        </Annotations>
                                        <Annotations Target="LearnerService.DraftAdministrativeData/InProcessByUser">
                                            <Annotation Term="Common.Label" String="{i18n>Draft_InProcessByUser}"/>
                                            </Annotations>
                                            <Annotations Target="LearnerService.DraftAdministrativeData/DraftIsProcessedByMe">
                                                <Annotation Term="UI.Hidden" Bool="true"/>
                                                <Annotation Term="Common.Label" String="{i18n>Draft_DraftIsProcessedByMe}"/>
                                                </Annotations>
                                            </Schema>
                                        </edmx:DataServices>
                                    </edmx:Edmx>